pmid,mention,entity_type,tier,note
13958208,blood glucose,biomarker,Tier1_agree,
13958208,labile diabetes,disease,Tier1_agree,
13958208,metabolic problems,disease,Tier3_single_yuqi,
14139995,brittle diabetes,disease,Tier1_agree,
14139995,insulin,protein,Tier2_type_disagree_yuqi,
14139995,excessive insulin-sensitivity,biological_process,Tier2_type_disagree_yuefei,
14139995,plasma-protein transport,biological_process,Tier1_agree,
14139995,hepatic tissue metabolism of insulin,biological_process,Tier1_agree,
14139995,peripheral tissue metabolism of insulin,biological_process,Tier2_type_disagree_yuqi,
14139995,insulin,drug,Tier2_type_disagree_yuefei,
14139995,insulin-sensitivity,biomarker,Tier3_single_yuqi,
14139995,ketosis-proneness,clinical_outcome,Tier1_agree,
14139995,hyperlability,clinical_outcome,Tier3_single_yuqi,
14247704,Exudative lesions,disease,Tier1_agree,
14247704,capsular drops,disease,Tier1_agree,
14247704,diabetes,disease,Tier1_agree,
14247704,proteinuria,biomarker,Tier2_type_disagree_yuqi,
14247704,proteinuria,clinical_outcome,Tier2_type_disagree_yuefei,
14247704,hypertension,disease,Tier1_agree,
14247704,uraemia,disease,Tier1_agree,
14247704,duration of the diabetes,clinical_outcome,Tier3_single_yuefei,
17340801,diabetes in infancy,disease,Tier1_agree,
5355346,human growth hormone (HGH),protein,Tier1_agree,
5355346,HGH-(125)I,chemical,Tier3_single_yuqi,
5355346,acromegaly,disease,Tier1_agree,
5355346,hypothyroidism,disease,Tier1_agree,
5355346,hyperthyroidism,disease,Tier1_agree,
5355346,insulin-independent diabetes mellitus (IID),disease,Tier1_agree,
5355346,insulin-dependent diabetes mellitus (IDD),disease,Tier1_agree,
5355346,metabolic clearance rate of HGH,biomarker,Tier2_type_disagree_yuqi,
5355346,metabolic clearance rate (MCR),biological_process,Tier2_type_disagree_yuefei,
5355346,production rate of HGH,biomarker,Tier2_type_disagree_yuqi,
5355346,Production rates of HGH (PR),biological_process,Tier2_type_disagree_yuefei,
5355346,plasma growth hormone concentrations,biomarker,Tier3_single_yuefei,
5355346,diabetes mellitus,disease,Tier3_single_yuefei,
5811682,insulin-dependent diabetes,disease,Tier1_agree,
5811682,Coxsackie virus type B4,biomarker,Tier2_type_disagree_yuqi,
5811682,Coxsackie virus type B4,disease,Tier2_type_disagree_yuefei,
5811682,diabetes,disease,Tier3_single_yuefei,
5811682,virus infection,disease,Tier3_single_yuefei,
5431658,juvenile diabetes,disease,Tier1_agree,
5431658,serum growth hormone,protein,Tier2_type_disagree_yuqi,
5431658,serum growth hormone,biomarker,Tier2_type_disagree_yuefei,
5431658,fasting blood glucose,biomarker,Tier1_agree,
5431658,serum free fatty acid,biomarker,Tier1_agree,
5431658,serum insulin,protein,Tier2_type_disagree_yuqi,
5431658,serum insulin,biomarker,Tier2_type_disagree_yuefei,
5431658,diabetes,disease,Tier3_single_yuefei,
5431658,fasting serum growth hormone,biomarker,Tier3_single_yuefei,
5431658,fasting blood glucose level,biomarker,Tier3_single_yuefei,
5431658,exercise,biological_process,Tier3_single_yuefei,
4143592,small-vessel disease,disease,Tier1_agree,
4143592,juvenile diabetic microangiopathy,disease,Tier1_agree,
4143592,glucose,chemical,Tier1_agree,
4143592,insulin,protein,Tier1_agree,
4143592,insulin secretion,biological_process,Tier1_agree,
4143592,glucose intolerance,clinical_outcome,Tier2_type_disagree_yuqi,
4143592,glucose intolerance,disease,Tier2_type_disagree_yuefei,
4143592,Tolbutamide,drug,Tier1_agree,
4143592,juvenile diabetes mellitus,disease,Tier1_agree,
4143592,small-vessel lesions,disease,Tier1_agree,
4143592,circulating insulin levels,biomarker,Tier3_single_yuefei,
4143592,insulin output,biological_process,Tier3_single_yuefei,
5083884,glomerular filtration rate,biomarker,Tier2_type_disagree_yuqi,
5083884,glomerular filtration rate,clinical_outcome,Tier2_type_disagree_yuefei,
5083884,renal plasma flow,biomarker,Tier2_type_disagree_yuqi,
5083884,renal plasma flow,clinical_outcome,Tier2_type_disagree_yuefei,
5083884,diabetes mellitus,disease,Tier1_agree,
5083884,proteinuria,biomarker,Tier2_type_disagree_yuqi,
5083884,proteinuria,clinical_outcome,Tier2_type_disagree_yuefei,
5083884,kidney function,clinical_outcome,Tier1_agree,
5083884,long-term diabetics,disease,Tier3_single_yuefei,
4729184,diabetes mellitus,disease,Tier1_agree,
4729184,autoimmune hypothyroidism,disease,Tier1_agree,
4729184,insulin-dependent diabetes mellitus,disease,Tier1_agree,
4729184,insulin-independent diabetes mellitus,disease,Tier1_agree,
4729184,goitre,disease,Tier1_agree,
4729184,autoimmune disease,disease,Tier1_agree,
4729184,hypothyroidism,disease,Tier3_single_yuefei,
4282831,asthma,disease,Tier1_agree,
4282831,pulmonary chronic illness,disease,Tier1_agree,
4282831,rheumatic disease,disease,Tier1_agree,
4282831,diffuse collagen diseases,disease,Tier1_agree,
4282831,congenital heart disease,disease,Tier1_agree,
4282831,diabetes mellitus,disease,Tier1_agree,
4282831,retardation of growth,clinical_outcome,Tier1_agree,
4282831,complications,clinical_outcome,Tier3_single_yuqi,
4282831,rheumatic disease,disease,Tier3_single_yuefei,
4371445,juvenile diabetes mellitus,disease,Tier1_agree,
4371445,viral-like illnesses,disease,Tier1_agree,
4371445,coxsackie B-3,biomarker,Tier2_type_disagree_yuqi,
4371445,coxsackie B-3,disease,Tier2_type_disagree_yuefei,
4371445,viral antigens,biomarker,Tier2_type_disagree_yuqi,
4371445,viral infection,disease,Tier2_type_disagree_yuefei,
1158036,insulin-dependent diabetes mellitus,disease,Tier1_agree,
1158036,ketoacidosis,disease,Tier1_agree,
1158036,hyperglycemia,biomarker,Tier3_single_yuqi,
1158036,glucose,chemical,Tier1_agree,
1158036,glycerol,chemical,Tier1_agree,
1158036,pyruvate,chemical,Tier1_agree,
1158036,renal substrate exchange,biological_process,Tier1_agree,
1158036,renal glucose production,biological_process,Tier3_single_yuqi,
1158036,renal amino acid exchange,biological_process,Tier3_single_yuqi,
1158036,gluconeogenesis,biological_process,Tier3_single_yuqi,
1158036,Insulin,drug,Tier3_single_yuefei,
1158036,glutamine,chemical,Tier3_single_yuefei,
1158036,glycine,chemical,Tier3_single_yuefei,
1158036,proline,chemical,Tier3_single_yuefei,
1158036,citrulline,chemical,Tier3_single_yuefei,
1158036,serine,chemical,Tier3_single_yuefei,
1158036,alanine,chemical,Tier3_single_yuefei,
1158036,cystine,chemical,Tier3_single_yuefei,
1158036,tyrosine,chemical,Tier3_single_yuefei,
1158036,threonine,chemical,Tier3_single_yuefei,
1158036,kidney,cell_type,Tier3_single_yuefei,
1166797,diabetes,disease,Tier1_agree,
1166797,beef-pork insulin,protein,Tier2_type_disagree_yuqi,
1166797,beef-pork insulin,drug,Tier2_type_disagree_yuefei,
1166797,pork insulin,protein,Tier2_type_disagree_yuqi,
1166797,pork insulin,drug,Tier2_type_disagree_yuefei,
1166797,monocomponent insulin,protein,Tier2_type_disagree_yuqi,
1166797,monocomponent insulin,drug,Tier2_type_disagree_yuefei,
1166797,systemic allergic reaction,clinical_outcome,Tier1_agree,
1166797,peripheral blood lymphocytes,cell_type,Tier1_agree,
1166797,blast cell transformation,biological_process,Tier1_agree,
1166797,insulin allergy,disease,Tier2_type_disagree_yuqi,
1166797,insulin,drug,Tier2_type_disagree_yuefei,
1166797,systemic desensitization,drug,Tier3_single_yuefei,
1166797,local allergic reactions,clinical_outcome,Tier3_single_yuefei,
1166797,insulin allergy,disease,Tier3_single_yuefei,
54584,diabetes mellitus,disease,Tier1_agree,
54584,diabetic ketoacidosis,disease,Tier1_agree,
54584,acute abdomen,disease,Tier1_agree,
54584,polydipsia,clinical_outcome,Tier1_agree,
54584,polyuria,clinical_outcome,Tier1_agree,
54584,anorexia,clinical_outcome,Tier1_agree,
54584,abdominal pain,clinical_outcome,Tier1_agree,
54584,severe dehydration,clinical_outcome,Tier1_agree,
331372,necrobiosis lipoidica diabeticorum,disease,Tier1_agree,
331372,lesions,disease,Tier3_single_yuqi,
331372,recurrences,clinical_outcome,Tier1_agree,
331372,surgical excision,drug,Tier3_single_yuefei,
331372,ligation of the associated perforating blood vessels,drug,Tier3_single_yuefei,
331372,split-skin grafts,drug,Tier3_single_yuefei,
334498,Islet-cell antibodies,biomarker,Tier1_agree,
334498,juvenile diabetes mellitus,disease,Tier1_agree,
334498,endocrine-islet cells,cell_type,Tier1_agree,
334498,islet antigens,biomarker,Tier2_type_disagree_yuqi,
334498,islet cells,cell_type,Tier2_type_disagree_yuefei,
334498,HLA B8,gene,Tier1_agree,
334498,antibody formation,biological_process,Tier3_single_yuqi,
334498,insulin antibody,biomarker,Tier1_agree,
334498,auto-immune pathogenesis,biological_process,Tier1_agree,
353557,islet-cell-surface antibodies,biomarker,Tier1_agree,
353557,juvenile diabetes,disease,Tier1_agree,
353557,islet cells,cell_type,Tier1_agree,
353557,glucose intolerance,clinical_outcome,Tier2_type_disagree_yuqi,
353557,glucose intolerance,disease,Tier2_type_disagree_yuefei,
353557,thyroid disorders,disease,Tier1_agree,
353557,diabetes mellitus,disease,Tier1_agree,
353557,insulin,drug,Tier3_single_yuefei,
353557,rat hepatocytes,cell_type,Tier3_single_yuefei,
353557,erythrocytes,cell_type,Tier3_single_yuefei,
353557,immunofluorescent reaction,biomarker,Tier3_single_yuefei,
676730,diabetes,disease,Tier1_agree,
676730,insulin,protein,Tier2_type_disagree_yuqi,
676730,insulin,drug,Tier2_type_disagree_yuefei,
676730,endogenous insulin production,biological_process,Tier1_agree,
676730,height increment,biomarker,Tier2_type_disagree_yuqi,
676730,height increment,clinical_outcome,Tier2_type_disagree_yuefei,
676730,weight development,clinical_outcome,Tier3_single_yuqi,
676730,insulin requirements,clinical_outcome,Tier3_single_yuefei,
676730,daily dose of insulin,clinical_outcome,Tier3_single_yuefei,
676730,duration of diabetes,clinical_outcome,Tier3_single_yuefei,
676730,growth spurt,biological_process,Tier3_single_yuefei,
676730,adult stature,clinical_outcome,Tier3_single_yuefei,
395097,insulin-dependent diabetes,disease,Tier1_agree,
395097,glucagon,protein,Tier1_agree,
395097,growth hormone,protein,Tier1_agree,
395097,cortisol,protein,Tier1_agree,
395097,glucagon secretion,biological_process,Tier1_agree,
395097,growth hormone secretion,biological_process,Tier1_agree,
395097,cortisol secretion,biological_process,Tier1_agree,
395097,normoglycemia,biomarker,Tier2_type_disagree_yuqi,
395097,normoglycemia,clinical_outcome,Tier2_type_disagree_yuefei,
395097,endocrine abnormalities,clinical_outcome,Tier3_single_yuqi,
395097,subcutaneous insulin therapy,drug,Tier3_single_yuefei,
395097,artificial endocrine pancreas (Biostator-GCIIS),drug,Tier3_single_yuefei,
395097,blood glucose normalization,biological_process,Tier3_single_yuefei,
535578,diabetes mellitus,disease,Tier1_agree,
535578,juvenile diabetes,disease,Tier1_agree,
535578,maturity onset diabetes,disease,Tier1_agree,
535578,polyneuropathy,disease,Tier1_agree,
535578,nerve conduction velocity,biomarker,Tier2_type_disagree_yuqi,
535578,nerve conduction velocities,clinical_outcome,Tier2_type_disagree_yuefei,
535578,distal latency,biomarker,Tier2_type_disagree_yuqi,
535578,distal latencies,clinical_outcome,Tier2_type_disagree_yuefei,
535578,impaired peripheral nerve function,clinical_outcome,Tier1_agree,
535578,lipid metabolism,biological_process,Tier1_agree,
535578,metabolic balance,biological_process,Tier3_single_yuqi,
535578,body weight,clinical_outcome,Tier3_single_yuefei,
7418963,juvenile-onset insulin-dependent diabetes,disease,Tier1_agree,
7418963,HLA B8,gene,Tier1_agree,
7418963,HLA B14,gene,Tier1_agree,
7418963,HLA antigens,gene,Tier3_single_yuefei,
6751735,diabetes mellitus,disease,Tier1_agree,
6751735,symptomatic hypoglycemia,disease,Tier1_agree,
6751735,severe symptomatic hypoglycemia,disease,Tier3_single_yuqi,
6751735,insulin,protein,Tier2_type_disagree_yuqi,
6751735,insulin,drug,Tier2_type_disagree_yuefei,
6751735,blood glucose,biomarker,Tier2_type_disagree_yuqi,
6751735,blood glucose control,clinical_outcome,Tier2_type_disagree_yuefei,
6751735,hemoglobin A1c,biomarker,Tier1_agree,
6751735,insulin dose,clinical_outcome,Tier3_single_yuefei,
6751735,duration of diabetes,clinical_outcome,Tier3_single_yuefei,
7033091,non insulin-dependent diabetes mellitus (NIDDM),disease,Tier1_agree,
7033091,verapamil,drug,Tier1_agree,
7033091,glucagon,drug,Tier1_agree,
7033091,saline,drug,Tier1_agree,
7033091,insulin,protein,Tier1_agree,
7033091,glucose,chemical,Tier2_type_disagree_yuqi,
7033091,the glucose response in the patients with NIDDM,biological_process,Tier2_type_disagree_yuefei,
7033091,hepatic glucose handling,biological_process,Tier3_single_yuqi,
7033091,insulin release,biological_process,Tier3_single_yuqi,
7033091,glucose response to glucagon,clinical_outcome,Tier2_type_disagree_yuqi,
7033091,the glucose response in the controls,biological_process,Tier2_type_disagree_yuefei,
7033091,serum insulin response to glucagon,clinical_outcome,Tier3_single_yuqi,
6308982,non-insulin-dependent diabetes mellitus,disease,Tier1_agree,
6308982,metformin,drug,Tier1_agree,
6308982,serum concentrations of metformin,biomarker,Tier3_single_yuefei,
7091092,transient neonatal diabetes mellitus,disease,Tier1_agree,
7091092,diabetic ketoacidosis,disease,Tier1_agree,
7091092,type I insulin-dependent diabetes mellitus,disease,Tier1_agree,
7091092,diabetic coma,disease,Tier1_agree,
7091092,insulin,protein,Tier2_type_disagree_yuqi,
7091092,insulin-dependent diabetes,disease,Tier2_type_disagree_yuefei,
7091092,glycosuria,biomarker,Tier2_type_disagree_yuqi,
7091092,glycosuria,disease,Tier2_type_disagree_yuefei,
7091092,type I insulin-dependent diabetes mellitus,disease,Tier3_single_yuefei,
6357915,insulin,protein,Tier2_type_disagree_yuqi,
6357915,insulin,drug,Tier2_type_disagree_yuefei,
6357915,glucose,chemical,Tier1_agree,
6357915,glucose utilization,biological_process,Tier1_agree,
6357915,glucose uptake,biological_process,Tier1_agree,
6357915,Type 1 diabetes,disease,Tier1_agree,
6357915,euglycaemia,biomarker,Tier2_type_disagree_yuqi,
6357915,euglycaemia,clinical_outcome,Tier2_type_disagree_yuefei,
6357915,hyperglycaemia,biomarker,Tier2_type_disagree_yuqi,
6357915,hyperglycaemia,clinical_outcome,Tier2_type_disagree_yuefei,
6357915,free insulin levels,biomarker,Tier3_single_yuefei,
6357915,plasma insulin,biomarker,Tier3_single_yuefei,
6357915,blood glucose,biomarker,Tier3_single_yuefei,
6634559,insulin-dependent diabetes,disease,Tier1_agree,
6634559,thromboplastin time,biomarker,Tier3_single_yuqi,
6634559,partial thromboplastin time,biomarker,Tier3_single_yuqi,
6634559,bleeding time,biomarker,Tier3_single_yuqi,
6634559,spontaneous fibrinolytic activity,biomarker,Tier3_single_yuqi,
6634559,thrombocytes,cell_type,Tier3_single_yuqi,
6634559,platelet aggregation,biological_process,Tier3_single_yuqi,
6634559,haemostasis,biological_process,Tier3_single_yuqi,
6634559,blood sugar,biomarker,Tier3_single_yuqi,
6634559,thrombophilia,disease,Tier3_single_yuqi,
6634559,atherogenesis,biological_process,Tier3_single_yuqi,
6634559,senile dementia,disease,Tier3_single_yuefei,
6634559,nocturnal hypoglycaemia,disease,Tier3_single_yuefei,
6634559,subcutaneous insulin,drug,Tier3_single_yuefei,
6634559,blood glucose,biomarker,Tier3_single_yuefei,
6634559,Intramuscular,drug,Tier3_single_yuefei,
6634559,intravenous routes produced,drug,Tier3_single_yuefei,
6205922,type I diabetes,disease,Tier1_agree,
6205922,insulin,protein,Tier2_type_disagree_yuqi,
6205922,regular insulin,drug,Tier2_type_disagree_yuefei,
6205922,hypoglycemia,disease,Tier1_agree,
6205922,blood glucose,biomarker,Tier1_agree,
6205922,beta-thromboglobulin,biomarker,Tier1_agree,
6205922,pancreatic glucagon,protein,Tier1_agree,
6205922,cortisol,protein,Tier1_agree,
6205922,growth hormone,protein,Tier1_agree,
6205922,platelet activation,biological_process,Tier1_agree,
6205922,insulin,drug,Tier3_single_yuefei,
4060795,insulin-dependent diabetes,disease,Tier1_agree,
4060795,thromboplastin time,biomarker,Tier2_type_disagree_yuqi,
4060795,thromboplastin time,clinical_outcome,Tier2_type_disagree_yuefei,
4060795,partial thromboplastin time,biomarker,Tier2_type_disagree_yuqi,
4060795,partial thromboplastin time,clinical_outcome,Tier2_type_disagree_yuefei,
4060795,bleeding time,biomarker,Tier2_type_disagree_yuqi,
4060795,bleeding time,clinical_outcome,Tier2_type_disagree_yuefei,
4060795,spontaneous fibrinolytic activity,biomarker,Tier2_type_disagree_yuqi,
4060795,spontaneous fibrinolytic activity,biological_process,Tier2_type_disagree_yuefei,
4060795,thrombocytes,cell_type,Tier2_type_disagree_yuqi,
4060795,number of thrombocytes,clinical_outcome,Tier2_type_disagree_yuefei,
4060795,platelet aggregation,biological_process,Tier3_single_yuqi,
4060795,haemostasis,biological_process,Tier1_agree,
4060795,blood sugar,biomarker,Tier1_agree,
4060795,thrombophilia,disease,Tier1_agree,
4060795,atherogenesis,biological_process,Tier1_agree,
4060795,aggregation of platelets,biological_process,Tier3_single_yuefei,
4060795,intake of food,biomarker,Tier3_single_yuefei,
4060795,fasting,biomarker,Tier3_single_yuefei,
2947878,Down's syndrome,disease,Tier1_agree,
2947878,insulin-dependent diabetes mellitus,disease,Tier1_agree,
2947878,hypothyroidism,disease,Tier1_agree,
2947878,autoimmune diseases,disease,Tier1_agree,
2947878,gastric parietal cell antibodies,biomarker,Tier1_agree,
2947878,chronic atrophic gastritis,disease,Tier1_agree,
2947878,thyroid function,biomarker,Tier3_single_yuqi,
3945267,Type I diabetes,disease,Tier1_agree,
3945267,retinopathy,disease,Tier1_agree,
3945267,nephropathy,disease,Tier1_agree,
3945267,arterial stiffness,disease,Tier1_agree,
3945267,joint stiffness,disease,Tier1_agree,
3945267,diabetic complications,disease,Tier1_agree,
3945267,collagen,protein,Tier2_type_disagree_yuqi,
3945267,collagen-linked fluorescence,biological_process,Tier2_type_disagree_yuefei,
3945267,nonenzymatically glycosylated proteins,protein,Tier1_agree,
3945267,cross-linked protein adducts,protein,Tier1_agree,
3945267,glucose,chemical,Tier3_single_yuqi,
3945267,nonenzymatic protein browning,biological_process,Tier1_agree,
3945267,collagen-linked fluorescence,biomarker,Tier3_single_yuqi,
3945267,long-term metabolic control,clinical_outcome,Tier3_single_yuqi,
3945267,duration of diabetes,clinical_outcome,Tier3_single_yuqi,
3945267,systolic blood pressure,clinical_outcome,Tier2_type_disagree_yuqi,
3945267,systolic blood pressure,biological_process,Tier2_type_disagree_yuefei,
3945267,diastolic blood pressure,clinical_outcome,Tier2_type_disagree_yuqi,
3945267,diastolic blood pressure,biological_process,Tier2_type_disagree_yuefei,
3669177,Penile necrosis,disease,Tier1_agree,
3272815,insulin-dependent diabetes mellitus,disease,Tier1_agree,
3272815,immunological diseases,disease,Tier1_agree,
3272815,HLA-DR1,gene,Tier1_agree,
3272815,HLA-B18,gene,Tier3_single_yuqi,
3272815,HLA-DR3,gene,Tier1_agree,
3272815,exogenous insulin,protein,Tier2_type_disagree_yuqi,
3272815,exogenous insulin,drug,Tier2_type_disagree_yuefei,
3272815,insulin antibody,protein,Tier1_agree,
3272815,humoral immune response,biological_process,Tier1_agree,
3272815,HLA antigens,gene,Tier3_single_yuefei,
3272815,immunological spontaneous disorder,disease,Tier3_single_yuefei,
2688138,insulin-dependent diabetes,disease,Tier1_agree,
2688138,NovoPen,drug,Tier2_type_disagree_yuefei,
2688138,human actrapid insulin,protein,Tier2_type_disagree_yuqi,
2688138,human actrapid insulins,drug,Tier2_type_disagree_yuefei,
2688138,human ultratard insulin,protein,Tier2_type_disagree_yuqi,
2688138,human ultratard insulin,drug,Tier2_type_disagree_yuefei,
2688138,haemoglobin A1c,biomarker,Tier1_agree,
2688138,metabolic control,clinical_outcome,Tier1_agree,
2688138,insulin-dependent diabetic,disease,Tier3_single_yuefei,
2688138,intensified insulin therapy,drug,Tier3_single_yuefei,
2688138,short-acting insulin,drug,Tier3_single_yuefei,
2789462,insulin autoantibodies (IAAs),biomarker,Tier1_agree,
2789462,type I diabetes mellitus,disease,Tier1_agree,
2789462,type II diabetes mellitus,disease,Tier3_single_yuqi,
2789462,HLA-DR3,gene,Tier1_agree,
2789462,HLA-DR4,gene,Tier1_agree,
2789462,islet cell antibodies (ICAs),biomarker,Tier1_agree,
2789462,human insulin,protein,Tier1_agree,
2789462,type II DM,disease,Tier3_single_yuefei,
2789462,insulin binding,biological_process,Tier3_single_yuefei,
2124448,arterial hypertension,disease,Tier1_agree,
2124448,dysautonomia,disease,Tier1_agree,
2124448,orthostatic hypotension,disease,Tier1_agree,
2124448,diabetic dysautonomia,disease,Tier3_single_yuqi,
2124448,diabetic nephropathy,disease,Tier1_agree,
2124448,ambulatory blood pressure recording,biological_process,Tier2_type_disagree_yuqi,type merged from medical_procedure
2124448,ambulatory blood pressure (BP),clinical_outcome,Tier2_type_disagree_yuefei,
2124448,blood pressure,biomarker,Tier3_single_yuqi,
2124448,haemoglobin A1c,biomarker,Tier3_single_yuqi,
2124448,heart rate,biomarker,Tier2_type_disagree_yuqi,
2124448,heart rate,clinical_outcome,Tier2_type_disagree_yuefei,
2124448,nocturnal blood pressure decline,biomarker,Tier2_type_disagree_yuqi,
2124448,nocturnal decline in BP,clinical_outcome,Tier2_type_disagree_yuefei,
2124448,central degenerative disorder,disease,Tier3_single_yuefei,
2124448,HBA1c,biomarker,Tier3_single_yuefei,
2203875,non-insulin-dependent diabetes mellitus (NIDDM),disease,Tier1_agree,
2203875,insulin-dependent diabetes mellitus (IDDM),disease,Tier1_agree,
2203875,postprandial blood glucose,biomarker,Tier1_agree,
2203875,spaghetti,chemical,Tier3_single_yuqi,
2203875,mixed meal,chemical,Tier2_type_disagree_yuqi,
2203875,the mixed meal,drug,Tier2_type_disagree_yuefei,
2203875,insulin,protein,Tier2_type_disagree_yuqi,
2203875,insulin levels,biomarker,Tier2_type_disagree_yuefei,
2203875,glycaemic response,biomarker,Tier2_type_disagree_yuqi,
2203875,insulinaemic response,clinical_outcome,Tier2_type_disagree_yuefei,
2203875,insulinaemic response,biomarker,Tier3_single_yuqi,
2203875,artificial pancreas (Biostator),drug,Tier2_type_disagree_yuefei,
2203875,normoglycaemia,biomarker,Tier2_type_disagree_yuqi,
2203875,normoglycaemia,clinical_outcome,Tier2_type_disagree_yuefei,
1788205,insulin-dependent diabetes mellitus,disease,Tier1_agree,
1788205,non-insulin-dependent diabetes mellitus,disease,Tier1_agree,
1788205,diabetes mellitus,disease,Tier3_single_yuqi,
1788205,circulatory insufficiency,disease,Tier1_agree,
1788205,myocardial perfusion disorder,disease,Tier2_type_disagree_yuqi,
1788205,myocardial perfusion,biological_process,Tier2_type_disagree_yuefei,
1788205,metabolic derangements,disease,Tier2_type_disagree_yuqi,
1788205,metabolic derangements,biological_process,Tier2_type_disagree_yuefei,
1788205,thallium-201 (201Tl),chemical,Tier2_type_disagree_yuqi,
1788205,201Tl,drug,Tier2_type_disagree_yuefei,
1788205,myocardial perfusion,biological_process,Tier1_agree,
1788205,myocardial reserve,biological_process,Tier3_single_yuqi,
1788205,cardiac oxygen supply,biological_process,Tier3_single_yuqi,
1788205,physical working capacity,clinical_outcome,Tier2_type_disagree_yuqi,
1788205,physical working capacity,biological_process,Tier2_type_disagree_yuefei,
1788205,GTT decrease,clinical_outcome,Tier2_type_disagree_yuqi,
1788205,GTT,biological_process,Tier2_type_disagree_yuefei,
1788205,stable perfusion defects,clinical_outcome,Tier2_type_disagree_yuqi,
1788205,stable perfusion defects,disease,Tier2_type_disagree_yuefei,
1788205,transient ischemic perfusion defects,clinical_outcome,Tier2_type_disagree_yuqi,
1788205,transient perfusion defects,disease,Tier2_type_disagree_yuefei,
1788205,maximum myocardial Tl uptake,clinical_outcome,Tier3_single_yuqi,
1788205,noninsulin dependent diabetes,disease,Tier3_single_yuefei,
1788205,disturbed oxygen supply of the heart,biological_process,Tier3_single_yuefei,
1788205,disorder of perfusion,disease,Tier3_single_yuefei,
1788205,maximum Tl uptake by the myocardium,biological_process,Tier3_single_yuefei,
2019226,non-insulin-dependent diabetes mellitus (NIDDM),disease,Tier1_agree,
2019226,exercise,biological_process,Tier2_type_disagree_yuqi,
2019226,exercise,drug,Tier2_type_disagree_yuefei,
2019226,exercise relapse,biological_process,Tier3_single_yuqi,
2019226,guilt,clinical_outcome,Tier3_single_yuqi,
1595513,insulin-dependent diabetes mellitus,disease,Tier1_agree,
1595513,noninsulin-dependent diabetes mellitus,disease,Tier1_agree,
1595513,insulin,protein,Tier2_type_disagree_yuqi,
1595513,insulin,drug,Tier2_type_disagree_yuefei,
1595513,sulfonylurea,drug,Tier1_agree,
1595513,hyperglycemia,biomarker,Tier2_type_disagree_yuqi,
1595513,hyperglycemia,disease,Tier2_type_disagree_yuefei,
1595513,continuous subcutaneous insulin infusion,biological_process,Tier2_type_disagree_yuqi,type merged from medical_procedure
1595513,Continuous subcutaneous insulin infusion,drug,Tier2_type_disagree_yuefei,
1595513,intermediate-acting insulin,drug,Tier3_single_yuefei,
1595513,regular insulin,drug,Tier3_single_yuefei,
1595513,ultralente insulin,drug,Tier3_single_yuefei,
1595513,NPH,drug,Tier3_single_yuefei,
1604625,pancreaticoduodeno-renal transplantation,biological_process,Tier2_type_disagree_yuqi,type merged from medical_procedure
1604625,pancreaticoduodeno-renal transplant,drug,Tier2_type_disagree_yuefei,
1604625,graft pancreatitis,disease,Tier1_agree,
1604625,pancreatic fistula,disease,Tier1_agree,
1604625,ascitis,disease,Tier1_agree,
1604625,graft function,clinical_outcome,Tier3_single_yuqi,
1604625,vesical catheter drainage,drug,Tier3_single_yuefei,
1604625,Anastomosis,drug,Tier3_single_yuefei,
1604625,duodenocystostomy,drug,Tier3_single_yuefei,
8405757,Type 1 diabetes mellitus,disease,Tier1_agree,
8405757,polyunsaturated fatty acids,chemical,Tier1_agree,
8405757,saturated fatty acids,chemical,Tier1_agree,
8405757,docosahexaenoic acid (DHA),chemical,Tier1_agree,
8405757,arachidonic acid,chemical,Tier1_agree,
8405757,HbA1c,biomarker,Tier1_agree,
8405757,Na+-K+ ATPase,protein,Tier2_type_disagree_yuqi,
8405757,Na+-K+ ATPase activity,biological_process,Tier2_type_disagree_yuefei,
8405757,metabolic control,clinical_outcome,Tier1_agree,
8405757,Type 1 (insulin-dependent) diabetic,disease,Tier3_single_yuefei,
8405757,erythrocyte membrane phospholipids,chemical,Tier3_single_yuefei,
8405757,C22:6(n-3),chemical,Tier3_single_yuefei,
8405757,total n-3 content,chemical,Tier3_single_yuefei,
8405757,C-peptide,biomarker,Tier3_single_yuefei,
8405757,fructosamine,biomarker,Tier3_single_yuefei,
8405757,sodium transport systems,biological_process,Tier3_single_yuefei,
8405757,cell membrane abnormalities,disease,Tier3_single_yuefei,
8012161,type 1 diabetes mellitus,disease,Tier3_single_yuqi,
8012161,autonomic cardiac neuropathy,disease,Tier1_agree,
8012161,alcoholic nerve damage,disease,Tier1_agree,
8012161,cardiovascular reflex tests,biological_process,Tier3_single_yuqi,type merged from medical_procedure
8012161,type 1 (insulin-dependent) diabetics,disease,Tier3_single_yuefei,
8012161,alcohol abuse,disease,Tier3_single_yuefei,
7566857,insulin-dependent diabetes,disease,Tier1_agree,
7566857,respiratory distress syndrome (RDS),disease,Tier1_agree,
7566857,TDx-FLM assay,biological_process,Tier2_type_disagree_yuqi,type merged from medical_procedure
7566857,TDx-FLM,biomarker,Tier2_type_disagree_yuefei,
7566857,transabdominal amniocentesis,biological_process,Tier2_type_disagree_yuqi,type merged from medical_procedure
7566857,transabdominal amniocentesis,drug,Tier2_type_disagree_yuefei,
7566857,surfactant,chemical,Tier3_single_yuqi,
7566857,albumin,protein,Tier3_single_yuqi,
7566857,phosphatidylglycerol,biomarker,Tier1_agree,
7566857,insulin-dependent diabetic,disease,Tier3_single_yuefei,
8731565,Type 2 diabetes,disease,Tier1_agree,
8731565,low-density lipoprotein (LDL),protein,Tier2_type_disagree_yuqi,
8731565,low-density lipoprotein (LDL),chemical,Tier2_type_disagree_yuefei,
8731565,oleic acid,chemical,Tier1_agree,
8731565,cholesterol,chemical,Tier2_type_disagree_yuqi,
8731565,cholesterol synthesis,biological_process,Tier2_type_disagree_yuefei,
8731565,cholesterol synthesis,biological_process,Tier3_single_yuqi,
8731565,fasting blood glucose,biomarker,Tier1_agree,
8731565,fasting serum insulin,biomarker,Tier1_agree,
8731565,linoleic acid,chemical,Tier1_agree,
8731565,Type 2 diabetic,disease,Tier3_single_yuefei,
8731565,oleic-acid-rich diet,drug,Tier3_single_yuefei,
8731565,LDL oleic acid,chemical,Tier3_single_yuefei,
8731565,mononuclear leucocytes,cell_type,Tier3_single_yuefei,
8731565,glycaemic control,clinical_outcome,Tier3_single_yuefei,
8781962,type 1 diabetes,disease,Tier1_agree,
8781962,anti-AGE antibodies,biomarker,Tier1_agree,
8781962,advanced glycation end products (AGEs),chemical,Tier1_agree,
8781962,AGE-elastin,biomarker,Tier2_type_disagree_yuqi,
8781962,AGE-elastin,protein,Tier2_type_disagree_yuefei,
8781962,long-term diabetic complications,disease,Tier2_type_disagree_yuqi,
8781962,long-term diabetic complications,clinical_outcome,Tier2_type_disagree_yuefei,
8781962,immunoenzyme assay,biological_process,Tier3_single_yuqi,type merged from medical_procedure
8781962,AGE-Hemocyanin,protein,Tier3_single_yuefei,
8781962,glycated proteins,protein,Tier3_single_yuefei,
8781962,autoantibodies,biomarker,Tier3_single_yuefei,
9300243,diabetic polyneuropathy,disease,Tier1_agree,
9300243,motor dysfunction,clinical_outcome,Tier1_agree,
9300243,muscular atrophy,clinical_outcome,Tier1_agree,
9300243,muscle strength,biomarker,Tier2_type_disagree_yuqi,
9300243,muscle strength,clinical_outcome,Tier2_type_disagree_yuefei,
9300243,muscle volume,biomarker,Tier3_single_yuqi,
9300243,magnetic resonance imaging,biological_process,Tier3_single_yuqi,type merged from medical_procedure
9300243,symptomatic neuropathy,disease,Tier3_single_yuefei,
9300243,Volume of the ankle dorsal and plantar flexors,clinical_outcome,Tier3_single_yuefei,
9300243,motor weakness,clinical_outcome,Tier3_single_yuefei,
9533990,type-1 diabetes mellitus,disease,Tier1_agree,
9533990,long-term diabetic complications,disease,Tier2_type_disagree_yuqi,
9533990,long-term complications,clinical_outcome,Tier2_type_disagree_yuefei,
9533990,glycemic control,biomarker,Tier2_type_disagree_yuqi,
9533990,tighter control,clinical_outcome,Tier2_type_disagree_yuefei,
9533990,primary care management,biological_process,Tier3_single_yuqi,type merged from medical_process
9533990,endocrine specialty care,biological_process,Tier3_single_yuqi,type merged from medical_process
10706327,systolic blood pressure (SBP),biomarker,Tier2_type_disagree_yuqi,
10706327,Systolic blood pressure (SBP),clinical_outcome,Tier2_type_disagree_yuefei,
10706327,diastolic blood pressure (DBP),biomarker,Tier2_type_disagree_yuqi,
10706327,diastolic blood pressure (DBP),clinical_outcome,Tier2_type_disagree_yuefei,
10706327,cardiovascular disease (CVD),disease,Tier1_agree,
10706327,isolated systolic hypertension (ISH),disease,Tier1_agree,
10706327,non-insulin-dependent diabetes mellitus (NIDDM),disease,Tier1_agree,
10706327,myocardial infarction (MI),disease,Tier1_agree,
10706327,stroke,disease,Tier1_agree,
10706327,heart failure,disease,Tier1_agree,
10706327,hypertension,disease,Tier1_agree,
10706327,morbidity,clinical_outcome,Tier3_single_yuefei,
10706327,mortality,clinical_outcome,Tier3_single_yuefei,
10706327,antihypertensive drugs,drug,Tier3_single_yuefei,
10829521,chronic pancreatitis,disease,Tier1_agree,
10829521,pain,clinical_outcome,Tier1_agree,
10829521,fat malabsorption,clinical_outcome,Tier3_single_yuqi,
10829521,protein malabsorption,clinical_outcome,Tier3_single_yuqi,
10829521,diabetes,disease,Tier1_agree,
10829521,pancreatic extracts,drug,Tier1_agree,
10829521,insulin,protein,Tier2_type_disagree_yuqi,
10829521,insulin,drug,Tier2_type_disagree_yuefei,
10829521,diabetic ketoacidosis,disease,Tier1_agree,
10829521,microvascular changes,clinical_outcome,Tier1_agree,
10829521,type 1 diabetes,disease,Tier1_agree,
10829521,medical therapy,drug,Tier3_single_yuefei,
10829521,Malabsorption of fat and protein,clinical_outcome,Tier3_single_yuefei,
10829521,lipase,protein,Tier3_single_yuefei,
10829521,gastric acid,chemical,Tier3_single_yuefei,
10905497,type 1 diabetes,disease,Tier1_agree,
10905497,nitric oxide (NO),chemical,Tier1_agree,
10905497,free radicals,chemical,Tier2_type_disagree_yuqi,
10905497,free radical activity,biological_process,Tier2_type_disagree_yuefei,
10905497,microvascular disease,disease,Tier1_agree,
10905497,isoprostane,biomarker,Tier1_agree,
10905497,lipid peroxidation,biological_process,Tier1_agree,
10905497,urinary albumin excretion,biomarker,Tier1_agree,
10905497,reactive oxygen species,chemical,Tier1_agree,
10905497,15N-nitrate,chemical,Tier3_single_yuefei,
10905497,L-[15N]2-arginine,chemical,Tier3_single_yuefei,
10905497,"2,3-dinor-5,6-dihydro-F2t-IsoP",biomarker,Tier3_single_yuefei,
10905497,NO synthesis,biological_process,Tier3_single_yuefei,
11323502,insulin-dependent diabetes mellitus,disease,Tier1_agree,
11323502,renal failure,disease,Tier1_agree,
11323502,acute rejection,disease,Tier2_type_disagree_yuqi,
11323502,rejection,clinical_outcome,Tier2_type_disagree_yuefei,
11323502,hemolytic-uremic syndrome,disease,Tier1_agree,
11323502,postoperative bleeding,disease,Tier2_type_disagree_yuqi,
11323502,postoperative bleeding,clinical_outcome,Tier2_type_disagree_yuefei,
11323502,wound infection,disease,Tier2_type_disagree_yuqi,
11323502,Postoperative wound infections,clinical_outcome,Tier2_type_disagree_yuefei,
11323502,anastomotic leak,disease,Tier2_type_disagree_yuqi,
11323502,anastomotic leak,clinical_outcome,Tier2_type_disagree_yuefei,
11323502,duodenal bleeding,disease,Tier3_single_yuqi,
11323502,HLA,gene,Tier1_agree,
11323502,amylase,protein,Tier2_type_disagree_yuqi,
11323502,ostomy amylase,biomarker,Tier2_type_disagree_yuefei,
11323502,ostomy amylase,biomarker,Tier3_single_yuqi,
11323502,pancreatic function,biological_process,Tier3_single_yuqi,
11323502,pancreatic graft survival,clinical_outcome,Tier3_single_yuqi,
11323502,kidney graft survival,clinical_outcome,Tier3_single_yuqi,
11323502,patient graft survival,clinical_outcome,Tier3_single_yuqi,
11323502,hospital stay,clinical_outcome,Tier3_single_yuqi,
11323502,cold ischemia time,clinical_outcome,Tier3_single_yuqi,
11323502,portal-enteric (PE) pancreas and kidney transplantation,drug,Tier3_single_yuefei,
11323502,Simultaneous pancreas and kidney transplantation,drug,Tier3_single_yuefei,
11323502,venting jejunostomy (VJ),drug,Tier3_single_yuefei,
11323502,bladder drainage,drug,Tier3_single_yuefei,
11978663,early-onset diabetes (EOD),disease,Tier1_agree,
11978663,GAD antibody,biomarker,Tier1_agree,
11978663,type 1 diabetes HLA risk alleles,gene,Tier2_type_disagree_yuqi,
11978663,type 1 diabetes,disease,Tier2_type_disagree_yuefei,
11978663,maturity-onset diabetes of the young (MODY),disease,Tier2_type_disagree_yuqi,
11978663,maturity-onset diabetes of the young (MODY) 1-5 genes,gene,Tier2_type_disagree_yuefei,
11978663,A3243G mitochondrial DNA mutation,gene,Tier1_agree,
11978663,chromosome 1p locus,gene,Tier1_agree,
11978663,chromosome 3p locus,gene,Tier3_single_yuqi,
11978663,chromosome 7q locus,gene,Tier3_single_yuqi,
11978663,chromosome 11q locus,gene,Tier3_single_yuqi,
11978663,chromosome 18q locus,gene,Tier3_single_yuqi,
11978663,chromosome 20q locus,gene,Tier3_single_yuqi,
11978663,chromosome 21q locus,gene,Tier3_single_yuqi,
11978663,chromosome 16q locus,gene,Tier3_single_yuqi,
11978663,chromosome 5q locus,gene,Tier3_single_yuqi,
11978663,maternally inherited diabetes and deafness,disease,Tier3_single_yuefei,
11978663,D1S438,gene,Tier3_single_yuefei,
11978663,D16S419,gene,Tier3_single_yuefei,
11978663,MODY1,gene,Tier3_single_yuefei,
11978663,MODY3,gene,Tier3_single_yuefei,
11978663,HLA risk alleles,gene,Tier3_single_yuefei,
12401723,type 1 diabetes,disease,Tier1_agree,
12401723,diabetic autonomic neuropathy,disease,Tier1_agree,
12401723,cardiovascular mortality,clinical_outcome,Tier1_agree,
12401723,myocardial perfusion index,biomarker,Tier2_type_disagree_yuqi,
12401723,myocardial perfusion index (K(i)),clinical_outcome,Tier2_type_disagree_yuefei,
12401723,myocardial perfusion reserve capacity,biomarker,Tier2_type_disagree_yuqi,
12401723,myocardial perfusion reserve,clinical_outcome,Tier2_type_disagree_yuefei,
12401723,Dipyridamole,drug,Tier1_agree,
12401723,vasodilatation,biological_process,Tier1_agree,
12401723,blood pressure,biomarker,Tier2_type_disagree_yuqi,
12401723,blood pressure,clinical_outcome,Tier2_type_disagree_yuefei,
12401723,myocardial sympathetic vasodilatation,biological_process,Tier3_single_yuqi,
12401723,autonomic neuropathy,disease,Tier3_single_yuefei,
12820687,type 1 diabetes,disease,Tier1_agree,
12820687,beta cell mass,biomarker,Tier2_type_disagree_yuqi,
12820687,beta cell mass,biological_process,Tier2_type_disagree_yuefei,
12820687,splenocytes,cell_type,Tier1_agree,
12820687,oxidative peritoneal exudate cells (PEC),biomarker,Tier2_type_disagree_yuqi,
12820687,oxidative peritoneal exudate cells (PEC),cell_type,Tier2_type_disagree_yuefei,
12820687,pancreatic insulin content,biomarker,Tier1_agree,
12820687,insulitis,disease,Tier1_agree,
12820687,prediabetic stage,clinical_outcome,Tier3_single_yuqi,type merged from clinical_stage
12820687,diabetes,disease,Tier3_single_yuefei,
20086468,type 1 diabetes mellitus,disease,Tier1_agree,
20086468,exercise,biological_process,Tier2_type_disagree_yuqi,
20086468,exercise,drug,Tier2_type_disagree_yuefei,
20086468,blood glucose self-monitoring,biological_process,Tier2_type_disagree_yuqi,type merged from medical_procedure
20086468,blood glucose,biomarker,Tier2_type_disagree_yuefei,
20086468,dietary management,biological_process,Tier3_single_yuqi,type merged from medical_process
20086468,insulin management,biological_process,Tier2_type_disagree_yuqi,type merged from medical_process
20086468,insulin,drug,Tier2_type_disagree_yuefei,
20086468,diabetic complications,disease,Tier3_single_yuqi,
15013454,type 2 diabetes mellitus,disease,Tier1_agree,
15013454,hyperglycemia,biomarker,Tier2_type_disagree_yuqi,
15013454,hyperglycemia,disease,Tier2_type_disagree_yuefei,
15013454,basal hyperglycemia,biomarker,Tier2_type_disagree_yuqi,
15013454,postprandial hyperglycemia,disease,Tier2_type_disagree_yuefei,
15013454,postprandial hyperglycemia,biomarker,Tier3_single_yuqi,
15013454,sulfonylureas,drug,Tier1_agree,
15013454,metformin,drug,Tier1_agree,
15013454,basal insulin therapy,biological_process,Tier2_type_disagree_yuqi,type merged from medical_process
15013454,insulin,drug,Tier2_type_disagree_yuefei,
15013454,insulin glargine,protein,Tier2_type_disagree_yuqi,
15013454,glargine,drug,Tier2_type_disagree_yuefei,
15013454,hemoglobin A1c (HbA1c),biomarker,Tier1_agree,
15013454,endogenous insulin,protein,Tier3_single_yuqi,
15013454,long-acting insulin,drug,Tier3_single_yuefei,
15013454,basal insulin,drug,Tier3_single_yuefei,
15013454,shorter-acting insulins,drug,Tier3_single_yuefei,
15013454,oral agents,drug,Tier3_single_yuefei,
15013454,glucose,chemical,Tier3_single_yuefei,
15013454,glycemic control,clinical_outcome,Tier3_single_yuefei,
15013454,weight gain,clinical_outcome,Tier3_single_yuefei,
15114267,type 1 diabetes mellitus,disease,Tier1_agree,
15114267,microvascular complications,disease,Tier2_type_disagree_yuqi,
15114267,microvascular complications,clinical_outcome,Tier2_type_disagree_yuefei,
15114267,diabetic retinopathy,disease,Tier1_agree,
15114267,diabetic nephropathy,disease,Tier1_agree,
15114267,diabetic polyneuropathy,disease,Tier1_agree,
15114267,acute diabetic complications,disease,Tier3_single_yuqi,
15114267,hemoglobin A1c (HbA1c),biomarker,Tier1_agree,
15114267,hypertension,disease,Tier1_agree,
15114267,albumin excretion rate (AER),biomarker,Tier1_agree,
15114267,clinical polyneuropathy,disease,Tier3_single_yuefei,
15114267,microalbuminuria,clinical_outcome,Tier3_single_yuefei,
15114267,plasma creatinine,biomarker,Tier3_single_yuefei,
15114267,blood pressure,clinical_outcome,Tier3_single_yuefei,
16005542,proinsulin C-peptide,protein,Tier1_agree,
16005542,autonomic nervous system,cell_type,Tier3_single_yuqi,type merged from anatomical_structure
16005542,parasympathetic nerve activity,biological_process,Tier1_agree,
16005542,sympathetic nerve activity,biological_process,Tier1_agree,
16005542,type 1 diabetes,disease,Tier1_agree,
16005542,cardiac autonomic nerve function,clinical_outcome,Tier2_type_disagree_yuqi,
16005542,cardiac autonomic nerve functions,biological_process,Tier2_type_disagree_yuefei,
16005542,vagus nerve activity,biomarker,Tier3_single_yuqi,
16005542,gastric acid secretion,biological_process,Tier1_agree,
16005542,norepinephrine (NE),chemical,Tier2_type_disagree_yuqi,
16005542,norepinephrine (NE) turnover rate,biological_process,Tier2_type_disagree_yuefei,
16005542,atropine,drug,Tier3_single_yuefei,
16005542,electrophysiological activity of the vagus nerves,biological_process,Tier3_single_yuefei,
17060846,diabetes mellitus,disease,Tier1_agree,
17060846,type 1 diabetes mellitus,disease,Tier3_single_yuqi,
17060846,type 2 diabetes mellitus,disease,Tier3_single_yuqi,
17060846,end-stage renal disease,disease,Tier1_agree,
17060846,blindness,disease,Tier2_type_disagree_yuqi,
17060846,blindness,clinical_outcome,Tier2_type_disagree_yuefei,
17060846,atherosclerosis,disease,Tier1_agree,
17060846,dyslipidemia,disease,Tier1_agree,
17060846,cardio-cerebrovascular disease,disease,Tier1_agree,
17060846,hypertension,disease,Tier1_agree,
17060846,diabetic complications,disease,Tier2_type_disagree_yuqi,
17060846,major diabetic complications,clinical_outcome,Tier2_type_disagree_yuefei,
17060846,hyperglycemia,biological_process,Tier2_type_disagree_yuqi,
17060846,Hyperglycemia,disease,Tier2_type_disagree_yuefei,
17060846,quality of life,clinical_outcome,Tier3_single_yuqi,
17060846,lifespan,clinical_outcome,Tier3_single_yuqi,
17060846,mortality,clinical_outcome,Tier3_single_yuqi,
17060846,amputation,clinical_outcome,Tier1_agree,
17060846,Type 1 DM,disease,Tier3_single_yuefei,
17121768,type 1 diabetes,disease,Tier1_agree,
17121768,type 2 diabetes,disease,Tier1_agree,
17121768,chronic liver disease,disease,Tier1_agree,
17121768,serum alanine transaminase (ALT),biomarker,Tier1_agree,
17121768,elevated ALT,clinical_outcome,Tier3_single_yuqi,
17121768,body mass index (BMI),biomarker,Tier2_type_disagree_yuqi,
17121768,body mass index,clinical_outcome,Tier2_type_disagree_yuefei,
17121768,insulin,protein,Tier2_type_disagree_yuqi,
17121768,insulin,drug,Tier2_type_disagree_yuefei,
17121768,diabetics,disease,Tier3_single_yuefei,
17121768,Maturity Onset Diabetes of the Young,disease,Tier3_single_yuefei,
17121768,secondary diabetes,disease,Tier3_single_yuefei,
17121768,gestational diabetes,disease,Tier3_single_yuefei,
17121768,mortality from liver disease,clinical_outcome,Tier3_single_yuefei,
17365945,Type 1 diabetes,disease,Tier1_agree,
17365945,pancreas allograft,cell_type,Tier2_type_disagree_yuqi,type merged from anatomical_structure
17365945,pancreas allograft,drug,Tier2_type_disagree_yuefei,
17365945,occult donor malignant undifferentiated tumor,disease,Tier1_agree,
17365945,metastatic disease,disease,Tier1_agree,
17365945,tumor transmission,biological_process,Tier3_single_yuqi,
17365945,organ transplantation,biological_process,Tier3_single_yuqi,type merged from medical_procedure
17365945,spontaneous intracerebral hemorrhage,disease,Tier3_single_yuefei,
17365945,occult primary tumor,disease,Tier3_single_yuefei,
17365945,transplant pancreatectomy,drug,Tier3_single_yuefei,
17365945,nephrectomy,drug,Tier3_single_yuefei,
17510698,type 1 diabetes mellitus,disease,Tier1_agree,
17510698,type 2 diabetes mellitus,disease,Tier3_single_yuqi,
17510698,hypoglycemia,disease,Tier1_agree,
17510698,hyperglycemia,disease,Tier3_single_yuqi,
17510698,insulin,protein,Tier2_type_disagree_yuqi,
17510698,insulin,drug,Tier2_type_disagree_yuefei,
17510698,glucose clearance,biological_process,Tier1_agree,
17510698,sulfonylurea drugs,drug,Tier1_agree,
17510698,hepatic glucose production,biological_process,Tier1_agree,
17510698,counterregulatory hormone response,biological_process,Tier1_agree,
17510698,insulin sensitivity,biomarker,Tier2_type_disagree_yuqi,
17510698,insulin secretion,biological_process,Tier2_type_disagree_yuefei,
17510698,glucose homeostasis,biological_process,Tier1_agree,
17510698,C-peptide,protein,Tier2_type_disagree_yuqi,
17510698,C-peptide,biomarker,Tier2_type_disagree_yuefei,
17510698,triglycerides,chemical,Tier1_agree,
17510698,chylomicrons,biomarker,Tier2_type_disagree_yuqi,
17510698,chylomicrons,chemical,Tier2_type_disagree_yuefei,
17510698,very low-density lipoproteins (VLDL),biomarker,Tier2_type_disagree_yuqi,
17510698,very low-density lipoproteins,chemical,Tier2_type_disagree_yuefei,
17510698,type 2 DM,disease,Tier3_single_yuefei,
17510698,plasma glucose,biomarker,Tier3_single_yuefei,
17510698,insulin sensitivity,biological_process,Tier3_single_yuefei,
17510698,exercise,biological_process,Tier3_single_yuefei,
17510698,prolonged moderate exercise,biological_process,Tier3_single_yuefei,
17510698,brief vigourous exercise,biological_process,Tier3_single_yuefei,
17510698,intermittent high-intensity exercise,biological_process,Tier3_single_yuefei,
17510698,glucose production,biological_process,Tier3_single_yuefei,
17510698,glucose,chemical,Tier3_single_yuefei,
18064633,type 1 diabetes (T1D),disease,Tier1_agree,
18064633,immunoinflammatory diabetes,disease,Tier2_type_disagree_yuqi,
18064633,immunoinflammatory responses,biological_process,Tier2_type_disagree_yuefei,
18064633,insulitis,disease,Tier1_agree,
18064633,pancreatic endocrine apoptosis,disease,Tier2_type_disagree_yuqi,
18064633,apoptosis,biological_process,Tier2_type_disagree_yuefei,
18064633,accelerated diabetes,disease,Tier1_agree,
18064633,macrophage migration inhibitory factor (MIF),protein,Tier1_agree,
18064633,IL-12,protein,Tier1_agree,
18064633,IL-23,protein,Tier1_agree,
18064633,TNF-alpha,protein,Tier1_agree,
18064633,IL-1beta,protein,Tier1_agree,
18064633,IL-18,protein,Tier1_agree,
18064633,iNOS,protein,Tier1_agree,
18064633,IL-4,protein,Tier1_agree,
18064633,TGF-beta,protein,Tier1_agree,
18064633,macrophages,cell_type,Tier1_agree,
18064633,monocytes,cell_type,Tier3_single_yuqi,
18064633,T cells,cell_type,Tier1_agree,
18064633,lymphocytes,cell_type,Tier2_type_disagree_yuqi,
18064633,lymphocyte adhesion,biological_process,Tier2_type_disagree_yuefei,
18064633,spleen cells,cell_type,Tier1_agree,
18064633,peritoneal cells,cell_type,Tier3_single_yuqi,
18064633,innate immune cells,cell_type,Tier3_single_yuqi,
18064633,anti-MIF antibody,drug,Tier1_agree,
18064633,cyclophosphamide,chemical,Tier2_type_disagree_yuqi,
18064633,cyclophosphamide,drug,Tier2_type_disagree_yuefei,
18064633,diabetogenic spleen cell transfer,biological_process,Tier3_single_yuqi,
18064633,MIF deficiency,protein,Tier2_type_disagree_yuqi,
18064633,MIF deficiency,biological_process,Tier2_type_disagree_yuefei,
18064633,streptozotocin,chemical,Tier2_type_disagree_yuqi,
18064633,streptozotocin,drug,Tier2_type_disagree_yuefei,
18064633,immunoinflammatory response,biological_process,Tier2_type_disagree_yuqi,
18064633,immunoinflammatory diabetes,disease,Tier2_type_disagree_yuefei,
18064633,immune deviation,biological_process,Tier1_agree,
18064633,lymphocyte proliferation,biological_process,Tier1_agree,
18064633,lymphocyte adhesion,biological_process,Tier3_single_yuqi,
18064633,inflammatory mediator production,biological_process,Tier3_single_yuqi,
18221426,type 1 diabetes mellitus (T1DM),disease,Tier1_agree,
18221426,diabetic ketoacidosis (DKA),disease,Tier1_agree,
18221426,polyuria,clinical_outcome,Tier1_agree,
18221426,polydipsia,clinical_outcome,Tier1_agree,
18221426,polyphagia,clinical_outcome,Tier1_agree,
18221426,weight loss,clinical_outcome,Tier1_agree,
18221426,fasting plasma glucose,biomarker,Tier1_agree,
18221426,postprandial plasma glucose,biomarker,Tier3_single_yuqi,
18221426,hemoglobin A1c,biomarker,Tier1_agree,
18221426,urinary ketones,biomarker,Tier1_agree,
18221426,proteinuria,biomarker,Tier2_type_disagree_yuqi,
18221426,proteinuria,clinical_outcome,Tier2_type_disagree_yuefei,
18221426,hypertension,disease,Tier1_agree,
18221426,diabetic nephropathy,disease,Tier1_agree,
18221426,diabetic neuropathy,disease,Tier1_agree,
18221426,diabetic retinopathy,disease,Tier1_agree,
18221426,arterial blood gases,biomarker,Tier3_single_yuqi,
18221426,Ketonuria,clinical_outcome,Tier3_single_yuefei,
28615632,type 1 diabetes mellitus (T1DM/IDDM),disease,Tier1_agree,
28615632,type 2 diabetes mellitus (T2DM/NIDDM),disease,Tier1_agree,
28615632,diabetic corneal alterations,disease,Tier1_agree,
28615632,microRNAs (miRNAs),gene,Tier2_type_disagree_yuqi,type merged from molecule
28615632,microRNAs (miRNAs),gene,Tier2_type_disagree_yuefei,
28615632,miR-10b,gene,Tier2_type_disagree_yuqi,type merged from molecule
28615632,miR-10b,gene,Tier2_type_disagree_yuefei,
28615632,Ki-67,protein,Tier1_agree,
28615632,PAX6,protein,Tier2_type_disagree_yuqi,
28615632,PAX6,gene,Tier2_type_disagree_yuefei,
28615632,DKK1,protein,Tier2_type_disagree_yuqi,
28615632,DKK1,gene,Tier2_type_disagree_yuefei,
28615632,keratin 17,protein,Tier1_agree,
28615632,limbal epithelial stem cells (LESC),cell_type,Tier1_agree,
28615632,corneal epithelial cells,cell_type,Tier2_type_disagree_yuqi,
28615632,corneal epithelial cell proliferation,biological_process,Tier2_type_disagree_yuefei,
28615632,central cornea,cell_type,Tier3_single_yuqi,type merged from tissue
28615632,limbus,cell_type,Tier3_single_yuqi,type merged from tissue
28615632,human corneas,cell_type,Tier3_single_yuqi,type merged from tissue
28615632,corneal epithelial cells,cell_type,Tier2_type_disagree_yuefei,
28615632,gene expression regulation,biological_process,Tier1_agree,
28615632,cell proliferation,biological_process,Tier1_agree,
28615632,stem cell maintenance,biological_process,Tier1_agree,
28615632,stem cell differentiation,biological_process,Tier3_single_yuqi,
28615632,protein expression regulation,biological_process,Tier3_single_yuqi,
28615632,small non-coding RNAs,gene,Tier3_single_yuefei,
28615632,miRNA expression profiles,biological_process,Tier3_single_yuefei,
28615632,type 2 diabetes mellitus (T2DM/NIDDM),disease,Tier3_single_yuefei,
28615632,differential miRNA signatures,biological_process,Tier3_single_yuefei,
34128835,type 1 diabetes (T1D),disease,Tier1_agree,
34128835,islet inflammation,disease,Tier2_type_disagree_yuqi,
34128835,early islet inflammation,biological_process,Tier2_type_disagree_yuefei,
34128835,hyperglycemia,disease,Tier1_agree,
34128835,insulitis,disease,Tier1_agree,
34128835,autoimmunity,disease,Tier2_type_disagree_yuqi,
34128835,autoimmunity,biological_process,Tier2_type_disagree_yuefei,
34128835,12-lipoxygenase (12-LOX),protein,Tier1_agree,
34128835,proinflammatory eicosanoids,protein,Tier2_type_disagree_yuqi,
34128835,formation of proinflammatory eicosanoids,biological_process,Tier2_type_disagree_yuefei,
34128835,CXCR3 chemokine receptor,protein,Tier1_agree,
34128835,Alox15,protein,Tier3_single_yuqi,
34128835,macrophages,cell_type,Tier1_agree,
34128835,myeloid cells,cell_type,Tier1_agree,
34128835,innate immune cells,cell_type,Tier1_agree,
34128835,beta cells,cell_type,Tier3_single_yuqi,
34128835,T cells,cell_type,Tier2_type_disagree_yuqi,
34128835,β cell mass,biological_process,Tier2_type_disagree_yuefei,
34128835,pancreatic islets,cell_type,Tier3_single_yuqi,type merged from tissue
34128835,depletion or inhibition of 12-LOX,biological_process,Tier2_type_disagree_yuefei,
34128835,gene encoding 12-LOX,gene,Tier2_type_disagree_yuefei,
34128835,loss of CXCR3,biological_process,Tier2_type_disagree_yuefei,
34128835,myeloid cell migration,biological_process,Tier1_agree,
34128835,macrophage infiltration,biological_process,Tier1_agree,
34128835,beta cell loss,biological_process,Tier1_agree,
34128835,immune surveillance,biological_process,Tier1_agree,
34128835,tissue injury response,biological_process,Tier1_agree,
34128835,loss of β cells,biological_process,Tier3_single_yuefei,
34128835,proinflammatory macrophages,cell_type,Tier3_single_yuefei,
34128835,transgenic expression of the gene encoding CXCR3,biological_process,Tier3_single_yuefei,
34128835,prodiabetogenic phenotype,biological_process,Tier3_single_yuefei,
34128835,early pathogenesis of T1D,biological_process,Tier3_single_yuefei,
34128835,gene encoding CXCR3,gene,Tier3_single_yuefei,
